Year,Film,Naz.,Distribuzione,Città,Incasso,Presenze,Incas. decen.,1a program.
2005,MADAGASCAR,USA,UIP-UNITED INT.PICT.,427.0,21190365,3622864,21198746.0,2-09-2005
2005,HARRY POTTER E IL CALICE DI FUOCO,U.K,WARNER BROS ITALIA,438.0,19238622,3228668,20127653.0,25-11-2005
2005,NATALE A MIAMI,ITA,FILMAURO S.R.L.,412.0,14889777,2415792,21243726.0,16-12-2005
2005,LA TIGRE E LA NEVE,ITA,01 DISTRIBUTION,429.0,14791015,2499964,14860025.0,14-10-2005
2005,MI PRESENTI I TUOI?,USA,UIP-UNITED INT.PICT.,428.0,14370122,2369757,14370122.0,11-02-2005
2005,MANUALE D’AMORE,ITA,FILMAURO S.R.L.,443.0,14015379,2345815,14015865.0,18-03-2005
2005,LA GUERRA DEI MONDI,USA,UIP-UNITED INT.PICT.,367.0,13228098,2196864,13229039.0,29-06-2005
2005,LA FABBRICA DI CIOCCOLATO,UK,WARNER BROS ITALIA,414.0,10808877,1850959,10843640.0,23-09-2005
2005,TI AMO IN TUTTE LE LINGUE DEL MONDO,ITA,MEDUSA FILM S.P.A.,431.0,10441962,1682654,20018008.0,16-12-2005
2005,"CHE PASTICCIO, BRIDGET JONES!",UK,UIP-UNITED INT.PICT.,423.0,10032225,1643059,10032225.0,7-01-2005
2005,I FANTASTICI 4,USA,20TH CENTURY FOX ITA.,403.0,9076840,1526803,9077408.0,16-09-2005
2005,SHARK TALE,USA,UIP-UNITED INT.PICT.,424.0,8774480,1527585,8775260.0,25-02-2005
2005,STAR WARS EPISODIO III: LA VENDETTA DEI SITH,USA,20TH CENTURY FOX ITA.,399.0,8447003,1384819,8447003.0,20-05-2005
2005,ALEXANDER,GER,WARNER BROS ITALIA,406.0,8359537,1395952,8360072.0,14-01-2005
2005,SHREK 2,USA,UIP-UNITED INT.PICT.,438.0,8349869,1409334,20863253.0,17-12-2004
2005,LE CRONACHE DI NARNIA...,USA,BUENA VISTA INT. ITALIA,430.0,8072455,1361431,16744579.0,21-12-2005
2005,MILLION DOLLAR BABY,USA,01 DISTRIBUTION,403.0,7788966,1320437,7789453.0,18-02-2005
2005,HITCH - LUI SI’ CHE CAPISCE LE DONNE,USA,SONY PICT. ITALIA S.R.L.,366.0,7642467,1251135,7642467.0,11-03-2005
2005,LE CROCIATE,USA,MEDUSA FILM S.P.A.,420.0,7478318,1259355,7480809.0,6-05-2005
2005,MR. & MRS. SMITH,USA,01 DISTRIBUTION,392.0,7239167,1163603,7780989.0,2-12-2005
2005,BATMAN BEGINS,UK,WARNER BROS ITALIA,363.0,6855425,1163263,6855759.0,17-06-2005
2005,CHICKEN LITTLE - AMICI PER LE PENNE,USA,BUENA VISTA INT. ITALIA,384.0,6380354,1107680,7440788.0,2-12-2005
2005,NEVERLAND - UN SOGNO PER...,UK,BUENA VISTA INT. ITALIA,399.0,6122870,1032463,6125524.0,4-02-2005
2005,TU LA CONOSCI CLAUDIA?,ITA,MEDUSA FILM S.P.A.,417.0,6100953,981948,16877871.0,15-12-2004
2005,MELISSA P,COP,SONY PICT. ITALIA S.R.L.,335.0,6002562,984214,6018334.0,18-11-2005
2005,KING KONG,USA,UIP-UNITED INT.PICT.,400.0,5967014,972576,8500019.0,16-12-2005
2005,CHRISTMAS IN LOVE,ITA,FILMAURO S.R.L.,403.0,5942407,952251,17441994.0,17-12-2004
2005,THE INTERPRETER,USA,EAGLE PICTURES S.P.A.,366.0,5722203,933685,5747326.0,28-10-2005
2005,THE AVIATOR,GER,01 DISTRIBUTION,406.0,5477770,916419,5477770.0,28-01-2005
2005,FLIGHTPLAN - MISTERO IN VOLO,USA,BUENA VISTA INT. ITALIA,356.0,5208823,848258,5213784.0,4-11-2005
2005,THE RING 2,USA,UIP-UNITED INT.PICT.,387.0,5182272,845222,5182272.0,9-04-2005
2005,LA SPOSA CADAVERE,UK,WARNER BROS ITALIA,351.0,5121126,848318,5144818.0,28-10-2005
2005,CONSTANTINE,USA,WARNER BROS ITALIA,340.0,5114943,838644,5115093.0,25-02-2005
2005,SAW - L’ENIGMISTA,USA,EAGLE PICTURES S.P.A.,322.0,4953171,802937,4953171.0,14-01-2005
2005,LA BESTIA NEL CUORE,COP,01 DISTRIBUTION,385.0,4932220,852972,4982330.0,8-09-2005
2005,THE GRUDGE,USA,01 DISTRIBUTION,341.0,4826337,777594,4826337.0,4-01-2005
2005,THE EXORCISM OF EMILY ROSE,USA,SONY PICT. ITALIA S.R.L.,342.0,4823459,787641,4824155.0,7-10-2005
2005,ROMANZO CRIMINALE,COP,WARNER BROS ITALIA,371.0,4822864,802231,4845351.0,30-09-2005
2005,OCEAN’S TWELVE,USA,WARNER BROS ITALIA,397.0,4655553,744984,10753710.0,17-12-2004
2005,OLIVER TWIST,FRA,MEDUSA FILM S.P.A.,388.0,4466466,788081,4524153.0,21-10-2005
2006,IL CODICE DA VINCI,USA,SONY PICT. ITALIA,408.0,28462776,4656409,28463568.0,19-05-2006
2006,PIRATI DEI CARAIBI: LA MALEDIZIONE...,USA,BUENA VISTA INT. ITALIA,440.0,19699373,3280028,19700000.0,13-09-2006
2006,IL MIO MIGLIOR NEMICO,ITA,FILMAURO S.R.L.,438.0,18552372,3166633,18552640.0,10-03-2006
2006,L'ERA GLACIALE 2 - IL DISGELO,USA,20TH CENTURY FOX IT.,433.0,18504127,3095912,18508431.0,21-04-2006
2006,NATALE A NEW YORK,ITA,FILMAURO S.R.L.,411.0,18195456,2935490,23419780.0,15-12-2006
2006,IL DIAVOLO VESTE PRADA,USA,20TH CENTURY FOX IT.,431.0,14117735,2305179,14184516.0,13-10-2006
2006,CARS - MOTORI RUGGENTI,USA,BUENA VISTA INT. ITALIA,434.0,12992125,2254417,12995383.0,23-08-2006
2006,NOTTE PRIMA DEGLI ESAMI,ITA,01 DISTRIBUTION,433.0,12432239,2140459,12437208.0,17-02-2006
2006,TI AMO IN TUTTE LE LINGUE DEL MONDO,ITA,MEDUSA FILM S.P.A.,414.0,9577273,1553219,20019235.0,16-12-2005
2006,MATCH POINT,U.K,MEDUSA FILM S.P.A.,413.0,9236767,1556158,9237643.0,13-01-2006
2006,THE DEPARTED - IL BENE E IL MALE,USA,MEDUSA FILM S.P.A.,419.0,8776954,1423780,9311917.0,27-10-2006
2006,LE CRONACHE DI NARNIA: IL LEONE...,USA,BUENA VISTA INT. ITALIA,427.0,8689781,1469131,16764189.0,21-12-2005
2006,SCARY MOVIE 4,USA,BUENA VISTA INT. ITALIA,398.0,7434227,1198504,7434607.0,21-04-2006
2006,INSIDE MAN,USA,UIP-UNITED INT.PICTURE,379.0,7100198,1166619,7100698.0,7-04-2006
2006,ECCEZZZIUNALE VERAMENTE CAPITOLO SECONDO... ME,ITA,01 DISTRIBUTION,410.0,6921900,1138841,6921984.0,20-01-2006
2006,LA GANG DEL BOSCO,USA,UIP-UNITED INT.PICTURE,413.0,6835968,1166010,6858308.0,27-10-2006
2006,IL CAIMANO,ITA,SACHER DISTRIB. S.R.L.,399.0,6795728,1201773,6796691.0,24-03-2006
2006,VOLVER - TORNARE,SPA,WARNER BROS ITALIA,384.0,6766920,1173112,6771749.0,19-05-2006
2006,ERAGON,USA,20TH CENTURY FOX IT.,316.0,6450203,1039274,9893745.0,22-12-2006
2006,ANPLAGGHED AL CINEMA,ITA,MEDUSA FILM S.P.A.,411.0,6444608,1051562,6491721.0,24-11-2006
2006,NATALE A MIAMI,ITA,FILMAURO S.R.L.,386.0,6347128,1019959,21236905.0,16-12-2005
2006,OLE',ITA,MEDUSA FILM S.P.A.,358.0,6343860,1028828,8188093.0,15-12-2006
2006,MISSION: IMPOSSIBLE III,USA,UIP-UNITED INT.PICTURES,398.0,5676094,943592,5676418.0,5-05-2006
2006,X-MEN: CONFLITTO FINALE,USA,20TH CENTURY FOX IT.,370.0,5559328,921660,5560360.0,26-05-2006
2006,WORLD TRADE CENTER,USA,UIP-UNITED INT.PICTURES,387.0,5444770,884683,5452988.0,13-10-2006
2006,SUPERMAN RETURNS,USA,WARNER BROS ITALIA,395.0,5387711,905565,5388062.0,1-09-2006
2006,SAW 2 - LA SOLUZIONE DELL'ENIGMA,CAN,01 DISTRIBUTION,316.0,5201761,828083,5201761.0,5-01-2006
2006,DICK & JANE: OPERAZIONE FURTO,USA,SONY PICT. ITALIA S.R.L.,376.0,4786402,780746,4786402.0,27-01-2006
2006,40 ANNI VERGINE,USA,UIP-UNITED INT.PICTURES,355.0,4749662,771879,4750897.0,13-01-2006
2006,DEJA VU - CORSA CONTRO IL TEMPO,USA,BUENA VISTA INT. ITALIA,234.0,4607184,725752,7639420.0,15-12-2006
2006,MUNICH,USA,UIP-UNITED INT.PICTURES,390.0,4606921,767456,4613923.0,27-01-2006
2006,SCOOP,U.K,MEDUSA FILM S.P.A.,385.0,4555017,777265,4582253.0,5-10-2006
2006,TI VA DI BALLARE?,USA,EAGLE PICTURES S.P.A.,401.0,4502656,756445,4502656.0,28-04-2006
2006,I SEGRETI DI BROKEBACK MOUNTAIN,USA,BIM DISTRIB. S.R.L.,359.0,4473231,766046,4474072.0,20-01-2006
2006,PRIME,USA,EAGLE PICTURES S.P.A.,349.0,4351143,726727,4351143.0,10-02-2006
2006,"TI ODIO, TI LASCIO, TI...",USA,UIP-UNITED INT.PICTURES,373.0,4177812,690580,4178951.0,22-09-2006
2006,ORGOGLIO E PREGIUDIZIO,U.K,UIP-UNITED INT.PICTURES,392.0,4162397,727696,4162457.0,3-02-2006
2006,HAPPY FEET,USA,WARNER BROS ITALIA,362.0,4002059,690425,4423333.0,1-12-2006
2006,LA SCONOSCIUTA,COP,MEDUSA FILM S.P.A.,394.0,3704846,640683,3853707.0,20-10-2006
2006,SYRIANA,USA,WARNER BROS ITALIA,346.0,3672787,617706,3672787.0,24-02-2006
2007,SHREK TERZO,USA,UNIVERSAL,448.0,20238146,3483429,20239801.0,31-08-2007
2007,NATALE IN CROCIERA,ITA,FILMAURO,424.0,19293910,3074353,23461775.0,14-12-2007
2007,MANUALE D’AMORE 2,ITA,FILMAURO,424.0,19031518,3134777,19031518.0,19-01-2007
2007,HARRY POTTER E L’ORDINE DELLA...,U.K,WARNER BROS ITALIA,410.0,18631252,3203145,18631711.0,11-07-2007
2007,SPIDER-MAN 3,USA,SONY PICT. ITALIA,426.0,18055980,3008127,18055980.0,1-05-2007
2007,RATATOUILLE,US, WALT DISNEY S.M.P. IT.,441.0,17430902,2929775,17469593.0,17-10-2007
2007,PIRATI DEI CARAIBI: AI CONFINI...,USA,BUENA VISTA INT. ITALIA,434.0,16428511,2725937,16428511.0,23-05-2007
2007,I SIMPSON - IL FILM,USA,20TH CENTURY FOX IT.,438.0,16203653,2670698,16204112.0,14-09-2007
2007,LA RICERCA DELLA FELICITA’,USA,MEDUSA FILM,436.0,15576410,2602596,15576846.0,12-01-2007
2007,UNA MOGLIE BELLISSIMA,ITA,MEDUSA FILM,400.0,14746931,2306638,20029904.0,14-12-2007
2007,HO VOGLIA DI TE,ITA,WARNER BROS ITALIA,447.0,13805996,2309624,13805996.0,9-03-2007
2007,NOTTE PRIMA DEGLI ESAMI - OGGI,ITA,01 DISTRIBUTION,443.0,12158782,2057238,12160146.0,14-02-2007
2007,UNA NOTTE AL MUSEO,USA,20TH CENTURY FOX IT.,424.0,11476556,1915581,11477164.0,2-02-2007
2007,300,USA,WARNER BROS ITALIA,415.0,10687706,1759981,10689306.0,23-03-2007
2007,MATRIMONIO ALLE BAHAMAS,ITA,MEDUSA FILM,416.0,9809180,1609684,9814547.0,16-11-2007
2007,CASINO ROYALE,U.K,SONY PICT. ITALIA,373.0,8006741,1287835,8006741.0,5-01-2007
2007,TRANSFORMERS,USA,UNIVERSAL,384.0,7976856,1341499,7976982.0,28-06-2007
2007,SATURNO CONTRO,ITA,MEDUSA FILM,417.0,7749223,1321718,7749223.0,23-02-2007
2007,IL 7 E L’8,ITA,MEDUSA FILM,417.0,7742348,1330847,7742348.0,16-03-2007
2007,COME TU MI VUOI,ITA,MEDUSA FILM,417.0,7081702,1159377,7094119.0,9-11-2007
2007,I FANTASTICI 4 E SILVER SURFER,USA,20TH CENTURY FOX IT.,397.0,6930488,1191073,6930578.0,15-06-2007
2007,LA BUSSOLA D’ORO,USA,01 DISTRIBUTION,302.0,6819583,1093500,9393550.0,14-12-2007
2007,ROCKY BALBOA,USA,20TH CENTURY FOX IT.,373.0,6616833,1072417,6616833.0,12-01-2007
2007,APOCALYPTO,USA,EAGLE PICTURES,331.0,6611708,1063381,6611708.0,5-01-2007
2007,MIO FRATELLO E’ FIGLIO UNICO,COP,WARNER BROS ITALIA,443.0,6354491,1077279,6358720.0,20-04-2007
2007,LO SPACCACUORI,USA,UNIVERSAL,336.0,5860986,943814,5863982.0,9-11-2007
2007,BORAT,USA,20TH CENTURY FOX IT.,354.0,5824041,960505,5824041.0,2-03-2007
2007,HANNIBAL LECTER - LE ORIGINI...,COP,FILMAURO,368.0,5801867,937076,5801867.0,9-02-2007
2007,COME D’INCANTO,USA,WALT DISNEY S.M.P. IT.,306.0,5777497,959396,6876209.0,7-12-2007
2007,OCEAN’S THIRTEEN,USA,WARNER BROS ITALIA,384.0,5737269,957712,5737269.0,8-06-2007
2007,SMS - SOTTO MENTITE SPOGLIE,ITA,MEDUSA FILM,337.0,5279693,892900,5281339.0,12-10-2007
2007,NATALE A NEW YORK,ITA,FILMAURO,399.0,5265758,851289,23569676.0,15-12-2006
2007,IL MISTERO DELLE PAGINE PERDUTE,USA,WALT DISNEY S.M.P. IT.,248.0,5264069,809031,8897550.0,21-12-2007
2007,MR. BEAN’S HOLIDAY,U.K,UNIVERSAL,410.0,5189040,872897,5189040.0,6-04-2007
2007,THE BOURNE ULTIMATUM,U.K,UNIVERSAL,327.0,4753555,753889,4754485.0,1-11-2007
2007,WINX CLUB - IL SEGRETO DEL...,ITA,01 DISTRIBUTION,411.0,4528505,824148,4622100.0,30-11-2007
2007,L’AMORE NON VA IN VACANZA,USA,UNIVERSAL,351.0,4458664,740345,4458664.0,9-02-2007
2007,ELIZABETH: THE GOLDEN AGE,U.K,UNIVERSAL,372.0,4456791,746937,4491994.0,26-10-2007
2007,BLOOD DIAMOND - DIAMANTI...,USA,WARNER BROS ITALIA,327.0,4328233,714636,4328960.0,26-01-2007
2007,MICHAEL CLAYTON,USA,MEDUSA FILM,369.0,4237738,705622,4248560.0,5-10-2007
2008,NATALE A RIO,ITA,FILMAURO S.R.L.,418.0,17672349,2777062,24675997.0,19-12-2008
2008,MADAGASCAR 2,USA,UNIVERSAL S.R.L.,374.0,17420618,2803876,25084591.0,19-12-2008
2008,KUNG FU PANDA,USA,UNIVERSAL S.R.L.,450.0,17035781,2900661,17037551.0,29-08-2008
2008,IO SONO LEGGENDA,USA,WARNER BROS ITA S.P.A.,395.0,13859569,2216131,13859569.0,11-01-2008
2008,"GRANDE, GROSSO E... VERDONE",ITA,FILMAURO S.R.L.,454.0,12940795,2173688,12940795.0,7-03-2008
2008,SCUSA MA TI CHIAMO AMORE,ITA,MEDUSA FILM S.P.A.,443.0,12670074,2098498,12670074.0,25-01-2008
2008,HANCOCK,USA,SONY PICT. ITALIA S.R.L.,401.0,11993219,1930596,11993219.0,12-09-2008
2008,INDIANA JONES E IL REGNO DEL...,USA,UNIVERSAL S.R.L.,425.0,11472369,1861273,11472466.0,23-05-2008
2008,TWILIGHT,USA,EAGLE PICTURES S.P.A.,426.0,11413103,1833861,11478257.0,21-11-2008
2008,GOMORRA,ITA,01 DISTRIBUTION,440.0,10165600,1741626,10181771.0,16-05-2008
2008,AMERICAN GANGSTER,USA,UNIVERSAL S.R.L.,401.0,9978371,1629114,9978371.0,18-01-2008
2008,IL COSMO SUL COMO',ITA,MEDUSA FILM S.P.A.,350.0,9813099,1512267,13126748.0,19-12-2008
2008,IL CAVALIERE OSCURO,USA,WARNER BROS ITA S.P.A.,354.0,9484847,1588575,9488760.0,23-07-2008
2008,HIGH SCHOOL MUSICAL 3,USA,WALT DISNEY S.M.P. ITA,439.0,9166444,1570485,9168737.0,31-10-2008
2008,MAMMA MIA!,USA,UNIVERSAL S.R.L.,422.0,8877348,1463513,8945689.0,3-10-2008
2008,WALL-E,USA,WALT DISNEY S.M.P. ITA,429.0,8682590,1455024,8707365.0,17-10-2008
2008,IL CACCIATORE DI AQUILONI,USA,FILMAURO S.R.L.,452.0,8185746,1429864,8191092.0,28-03-2008
2008,LE CRONACHE DI NARNIA: IL PRINCIPE...,USA,WALT DISNEY S.M.P. ITA,408.0,8066527,1378324,8067497.0,14-08-2008
2008,L'ALLENATORE NEL PALLONE 2,ITA,MEDUSA FILM S.P.A.,414.0,7651558,1273355,7651558.0,11-01-2008
2008,PARLAMI D'AMORE,ITA,01 DISTRIBUTION,440.0,7490612,1254486,7490612.0,14-02-2008
2008,LA FIDANZATA DI PAPA',ITA,MEDUSA FILM S.P.A.,408.0,7166454,1166183,7168445.0,14-11-2008
2008,QUANTUM OF SOLACE,U.K,SONY PICT. ITALIA S.R.L.,374.0,7109437,1131715,7116347.0,7-11-2008
2008,IRON MAN,USA,UNIVERSAL S.R.L.,410.0,6954308,1131963,6954308.0,1-05-2008
2008,SEX AND THE CITY - LE RAGAZZE SONO TORNATE,USA,01 DISTRIBUTION,400.0,6732619,1087230,6732619.0,30-05-2008
2008,BURN AFTER READING - A PROVA...,USA,MEDUSA FILM S.P.A.,410.0,6104843,1000983,6112151.0,19-09-2008
2008,VICKY CRISTINA BARCELONA,SPA,MEDUSA FILM S.P.A.,406.0,5843101,972751,5865090.0,17-10-2008
2008,NON E' UN PAESE PER VECCHI,USA,UNIVERSAL S.R.L.,387.0,5781667,971909,5783088.0,22-02-2008
2008,LA MUMMIA - LA TOMBA DELL'IMPER...,USA,UNIVERSAL S.R.L.,390.0,5414875,884023,5414875.0,26-09-2008
2008,CAOS CALMO,ITA,01 DISTRIBUTION,414.0,5379966,924395,5380112.0,8-02-2008
2008,UNA MOGLIE BELLISSIMA,ITA,MEDUSA FILM S.P.A.,411.0,5283393,859606,20030324.0,14-12-2007
2008,10.000 A.C.,USA,WARNER BROS ITA S.P.A.,369.0,5247993,880008,5247993.0,14-03-2008
2008,CHANGELING,USA,UNIVERSAL S.R.L.,382.0,5151647,853530,5246231.0,14-11-2008
2008,INTO THE WILD - NELLE TERRE...,USA,BIM DISTRIB. S.R.L.,335.0,5113635,866907,5115462.0,25-01-2008
2008,BOLT - UN EROE A QUATTRO ZAMPE,USA,WALT DISNEY S.M.P. ITALIA,393.0,5059372,831154,5265695.0,28-11-2008
2008,UN'ESTATE AL MARE,ITA,MEDUSA FILM S.P.A.,370.0,4995016,862436,4995016.0,27-06-2008
2008,BIANCO E NERO,ITA,01 DISTRIBUTION,398.0,4961585,835534,4961585.0,11-01-2008
2008,IL DIVO,ITA,LUCKY RED DISTRIB.,409.0,4548431,783671,4550825.0,28-05-2008
2008,NESSUNA VERITA',USA,WARNER BROS ITA S.P.A.,351.0,4515232,724664,4536429.0,21-11-2008
2008,SOGNI E DELITTI,U.K,FILMAURO S.R.L.,385.0,4387375,735643,4387375.0,1-02-2008
2008,NATALE IN CROCIERA,ITA,FILMAURO S.R.L.,375.0,4167865,678637,23461775.0,14-12-2007
2009,L'ERA GLACIALE 3,USA,20TH CENTURY FOX ITA,450.0,29700788,4055708,29705211.0,29-08-13
2009,ANGELI E DEMONI,USA,SONY PICT. ITALIA S.R.L.,431.0,18724657,2988759,18724894.0,14-05-13
2009,HARRY POTTER E IL PRINCIPE MEZZOSANGUE,U.K,WARNER BROS ITALIA,413.0,18363508,2994664,18363508.0,16-07-13
2009,NATALE A BEVERLY HILLS,ITA,FILMAURO S.R.L.,419.0,16479369,2553699,20983634.0,19-12-13
2009,NEW MOON,USA,EAGLE PICTURES S.P.A.,419.0,16427515,2554715,16453891.0,19-11-13
2009,2012,USA,SONY PICT. ITALIA S.R.L.,399.0,14314595,2246384,14324080.0,14-11-13
2009,CADO DALLE NUBI,ITA,MEDUSA FILM S.P.A.,405.0,12787578,2078499,14082203.0,28-11-13
2009,ITALIANS,ITA,FILMAURO S.R.L.,432.0,12159598,1988535,12159598.0,24-01-13
2009,SETTE ANIME,USA,SONY PICT. ITALIA S.R.L.,420.0,11258003,1824887,11258063.0,10-01-13
2009,A CHRISTMAS CAROL - 3D,USA,WALT DISNEY S.M.P. IT,204.0,11029695,1205022,12581522.0,04-12-13
2009,IL CURIOSO CASO DI BENJAMIN BUTTON,USA,WARNER BROS ITALIA,434.0,10941261,1789250,10941396.0,14-02-13
2009,EX,ITA,01 DISTRIBUTION,435.0,10654418,1766991,10654418.0,07-02-13
2009,BAARIA,ITA,MEDUSA FILM S.P.A.,454.0,10534981,1802659,10549998.0,26-09-13
2009,BASTARDI SENZA GLORIA,USA,UNIVERSAL S.R.L.,411.0,9325246,1507779,9371382.0,03-10-13
2009,GRAN TORINO,USA,WARNER BROS ITALIA,432.0,9128085,1524314,9136624.0,14-03-13
2009,IO & MARILYN,ITA,MEDUSA FILM S.P.A.,388.0,8883900,1358691,13166993.0,19-12-13
2009,FAST & FURIOUS - SOLO PARTI ORIGINALI,USA,UNIVERSAL S.R.L.,392.0,8323487,1313891,8323487.0,18-04-13
2009,VIAGGIO AL CENTRO DELLA TERRA,USA,01 DISTRIBUTION,350.0,8203747,1221925,8206653.0,17-01-13
2009,TRANSFORMERS - LA VENDETTA DEL CADUTO,USA,UNIVERSAL S.R.L.,363.0,8189709,1333991,8189709.0,27-06-13
2009,UP - 3D,USA,WALT DISNEY S.M.P. ITA.,181.0,8091341,893477,8097363.0,16-10-13
2009,YES MAN,USA,WARNER BROS ITALIA,367.0,8055873,1286564,8055873.0,10-01-13
2009,UP,USA,WALT DISNEY S.M.P. ITA.,442.0,7673429,1107545,7693742.0,16-10-13
2009,MADAGASCAR 2,USA,UNIVERSAL S.R.L.,440.0,7668511,1243298,25091955.0,20-12-12
2009,LA MATASSA,ITA,MEDUSA FILM S.P.A.,437.0,7564618,1297815,7564831.0,14-03-13
2009,SHERLOCK HOLMES,USA,WARNER BROS ITALIA,311.0,7448684,1136659,19846342.0,26-12-13
2009,PARNASSUS - L'UOMO CHE VOLEVA...,U.K,MOVIEMAX S.R.L.,352.0,7375147,1164177,7391829.0,24-10-13
2009,MOSTRI CONTRO ALIENI,USA,UNIVERSAL S.R.L.,428.0,7322624,1016803,7323117.0,04-04-13
2009,NATALE A RIO,ITA,FILMAURO S.R.L.,421.0,7003648,1096204,24678792.0,20-12-12
2009,UNA NOTTE AL MUSEO 2: LA FUGA,USA,20TH CENTURY FOX ITA,416.0,6936696,1158436,6938510.0,23-05-13
2009,SAN VALENTINO DI SANGUE,USA,MEDUSA FILM S.P.A.,275.0,6114129,707504,6115717.0,09-05-13
2009,LA PRINCIPESSA E IL RANOCCHIO,USA,WALT DISNEY S.M.P. ITA.,339.0,5918335,984130,9471958.0,19-12-13
2009,NEMICO PUBBLICO (PUBLIC ENEMIES),USA,UNIVERSAL S.R.L.,373.0,5632794,896832,5649658.0,07-11-13
2009,DORIAN GRAY,U.K,EAGLE PICTURES S.P.A.,254.0,5629505,886434,5775276.0,28-11-13
2009,BASTA CHE FUNZIONI,USA,MEDUSA FILM S.P.A.,385.0,5146420,854372,5186194.0,19-09-13
2009,AUSTRALIA,USA,20TH CENTURY FOX ITA,407.0,5130255,859508,5131003.0,17-01-13
2009,IO & MARLEY,USA,20TH CENTURY FOX ITA,408.0,4972590,804562,4973056.0,04-04-13
2009,X-MEN LE ORIGINI: WOLVERINE,USA,20TH CENTURY FOX ITA,382.0,4966787,812907,4966787.0,30-04-13
2009,THE MILLIONAIRE,U.K,LUCKY RED DISTRIB.,390.0,4821520,831074,6197947.0,06-12-12
2009,I LOVE SHOPPING,USA,WALT DISNEY S.M.P. ITALIA,389.0,4610636,751072,4610636.0,28-02-13
2009,SEGNALI DAL FUTURO,AUS,EAGLE PICTURES S.P.A.,339.0,4563238,730696,4563238.0,05-09-13
2010,AVATAR,USA,20TH CENTURY FOX ITALIA S.P.A.,432.0,65677144,7493785,65677844.0,15-01-10
2010,ALICE IN WONDERLAND,USA,WALT DISNEY S.M.P. ITALIA,430.0,30396192,3511206,30397429.0,03-03-10
2010,BENVENUTI AL SUD,ITA,MEDUSA FILM S.P.A.,470.0,29699918,4889317,29841490.0,01-10-10
2010,HARRY POTTER E I DONI DELLA MORTE,U.K,WARNER BROS ITALIA S.P.A.,446.0,17561511,2710181,17612272.0,19-11-10
2010,SHREK E VISSERO FELICI E CONTENTI,USA,UNIVERSAL S.R.L.,443.0,17015720,2199699,17016723.0,25-08-10
2010,ECLIPSE,USA,EAGLE PICTURES S.P.A.,386.0,15828764,2509107,15829319.0,30-06-10
2010,"IO, LORO E LARA",ITA,WARNER BROS ITALIA S.P.A.,455.0,15788992,2537203,15788992.0,05-01-10
2010,NATALE IN SUDAFRICA,ITA,FILMAURO S.R.L.,420.0,14138278,2174985,18654579.0,17-12-10
2010,TOY STORY 3 - LA GRANDE FUGA,USA,WALT DISNEY S.M.P. ITALIA,377.0,13686057,1688039,13687757.0,07-07-10
2010,MASCHI CONTRO FEMMINE,ITA,01 DISTRIBUTION,441.0,13606515,2148690,13612828.0,27-10-10
2010,LA BANDA DEI BABBI NATALE,ITA,MEDUSA FILM S.P.A.,421.0,13157522,2016885,21480108.0,17-12-10
2010,CATTIVISSIMO ME,USA,UNIVERSAL S.R.L.,429.0,12519735,1534140,3148882.0,15-10-10
2010,SHERLOCK HOLMES,USA,WARNER BROS ITALIA S.P.A.,424.0,12397657,1898482,19847357.0,25-12-09
2010,ROBIN HOOD,USA,UNIVERSAL S.R.L.,427.0,11149106,1775739,11150144.0,12-05-10
2010,INCEPTION,USA,WARNER BROS ITALIA S.P.A.,402.0,10716540,1688241,10732346.0,24-09-10
2010,RAPUNZEL - L'INTRECCIO DELLA TORRE,USA,WALT DISNEY S.M.P. ITALIA,373.0,9429347,1194703,10550462.0,26-11-10
2010,BACIAMI ANCORA,ITA,MEDUSA FILM S.P.A.,452.0,9189308,1493998,9189308.0,29-01-10
2010,GENITORI & FIGLI - AGITARE BENE...,ITA,FILMAURO S.R.L.,437.0,8496896,1402616,8497860.0,26-02-10
2010,MINE VAGANTI,ITA,01 DISTRIBUTION,456.0,8357817,1399954,8359267.0,12-03-10
2010,A NATALE MI SPOSO,ITA,MEDUSA FILM S.P.A.,399.0,8207804,1356307,8233790.0,26-11-10
2010,IRON MAN 2,USA,UNIVERSAL S.R.L.,407.0,8186258,1292406,8186258.0,30-04-10
2010,SCONTRO TRA TITANI,U.K,WARNER BROS ITALIA S.P.A.,388.0,7799509,889357,7799509.0,16-04-10
2010,SHUTTER ISLAND,USA,MEDUSA FILM S.P.A.,385.0,7163314,1146525,7164183.0,05-03-10
2010,L'APPRENDISTA STREGONE,USA,WALT DISNEY S.M.P. ITALIA,380.0,7150190,1213160,7150591.0,18-08-10
2010,THE TOURIST,USA,01 DISTRIBUTION,299.0,7075212,1071679,11260899.0,17-12-10
2010,STEP UP 3D,USA,EAGLE PICTURES S.P.A.,310.0,6934880,744003,6935648.0,08-10-10
2010,SCUSA MA TI VOGLIO SPOSARE,ITA,MEDUSA FILM S.P.A.,408.0,6827168,1098526,6827168.0,12-02-10
2010,PRINCE OF PERSIA: LE SABBIE DEL TEMPO,USA,WALT DISNEY S.M.P. ITALIA,412.0,6770179,1098138,6770359.0,19-05-10
2010,LA PRIMA COSA BELLA,ITA,MEDUSA FILM S.P.A.,422.0,6616138,1110727,6619387.0,15-01-10
2010,PARANORMAL ACTIVITY,USA,FILMAURO S.R.L.,349.0,6599584,1016574,6599584.0,05-02-10
2010,LE CRONACHE DI NARNIA: IL VIAGGIO...,USA,20TH CENTURY FOX ITALIA S.P.A.,291.0,6498875,801895,10183686.0,17-12-10
2010,INVICTUS,USA,WARNER BROS ITALIA S.P.A.,406.0,6396771,1073550,6417711.0,26-02-10
2010,SEX AND THE CITY 2,USA,WARNER BROS ITALIA S.P.A.,375.0,6258895,981391,6258895.0,28-05-10
2010,ALVIN SUPERSTAR 2,USA,20TH CENTURY FOX ITALIA S.P.A.,374.0,6093695,1021475,6094319.0,29-01-10
2010,DRAGON TRAINER,USA,UNIVERSAL S.R.L.,396.0,5718935,702503,5720567.0,26-03-10
2010,TRA LE NUVOLE,USA,UNIVERSAL S.R.L.,384.0,5717532,944705,5717532.0,22-01-10
2010,L'ULTIMO DOMINATORE DELL'ARIA,USA,UNIVERSAL S.R.L.,336.0,5676373,638952,758388.0,24-09-10
2010,SAW 3D - IL CAPITOLO FINALE,USA,MOVIEMAX S.R.L.,248.0,5400281,595907,5400488.0,17-11-10
2010,HACHIKO,USA,LUCKY RED DISTRIB.,365.0,4999661,793054,5396927.0,30-12-09
2010,GIUSTIZIA PRIVATA,USA,MOVIEMAX S.R.L.,257.0,4790107,788546,4790107.0,25-08-10
2011,CHE BELLA GIORNATA,ITA,MEDUSA FILM S.P.A.,,43474380,6830405,,05/01/11
2011,HARRY POTTER E I DONI DELLA MORTE - PARTE 2,GBR,WARNER BROS ITALIA S.P.A.,,22235388,2935629,,13/07/11
2011,IMMATURI,ITA,MEDUSA FILM S.P.A.,,15181131,2600849,,21/01/11
2011,QUALUNQUEMENTE,ITA,01 DISTRIBUTION,,15883605,2486638,,21/01/11
2011,BREAKING DAWN - PARTE 1,USA,EAGLE PICTURES S.P.A.,,15727965,2352350,,16/11/11
2011,PIRATI DEI CARAIBI OLTRE I CONFINI DEL MARE,USA,WALT DISNEY S.M.P. ITALIA,,17004395,2135447,,18/05/11
2011,SHERLOCK HOLMES: GIOCO DI OMBRE,GBR,WARNER BROS ITALIA S.P.A.,,13252862,1960432,,16/12/11
2011,FEMMINE CONTRO MASCHI,ITA,MEDUSA FILM S.P.A.,,11610411,1947976,,04/02/11
2011,KUNG FU PANDA 2,USA,UNIVERSAL S.R.L.,,12530976,1797014,,24/08/11
2011,FAST & FURIOUS 5,USA,UNIVERSAL S.R.L.,,10928777,1665422,,04/05/11
2011,I SOLITI IDIOTI,ITA,MEDUSA FILM S.P.A.,,10768923,1658950,,04/11/11
2011,I PUFFI,USA,WARNER BROS ITALIA S.P.A.,,11371204,1537295,,16/09/11
2011,LA PEGGIOR SETTIMANA DELLA MIA VITA,ITA,WARNER BROS ITALIA S.P.A.,,9692638,1483487,,28/10/11
2011,CARS 2,USA,WALT DISNEY S.M.P. ITALIA,,10455120,1483306,,22/06/11
2011,IL DISCORSO DEL RE,GBR,EAGLE PICTURES S.P.A.,,8702586,1432392,,28/01/11
2011,UNA NOTTE DA LEONI 2,USA,WARNER BROS ITALIA S.P.A.,,9396145,1426960,,25/05/11
2011,VACANZE DI NATALE A CORTINA,ITA,FILMAURO S.R.L.,,8855200,1323776,,16/12/11
2011,IL GATTO CON GLI STIVALI,USA,UNIVERSAL S.R.L.,,10669200,1310308,,16/12/11
2011,NESSUNO MI PUO' GIUDICARE,ITA,01 DISTRIBUTION,,7973183,1288502,,16/03/11
2011,LA BANDA DEI BABBI NATALE,ITA,MEDUSA FILM S.P.A.,,8323351,1253208,,17/12/10
2011,MIDNIGHT IN PARIS,USA,MEDUSA FILM S.P.A.,,7834615,1250401,,02/12/11
2011,HEREAFTER,USA,WARNER BROS ITALIA S.P.A.,,7808866,1243597,,05/01/11
2011,FINALMENTE LA FELICITA',ITA,MEDUSA FILM S.P.A.,,7455850,1118892,,16/12/11
2011,TRANSFORMERS 3,USA,UNIVERSAL S.R.L.,,8624508,1077292,,29/06/11
2011,MANUALE D'AMORE 3,ITA,FILMAURO S.R.L.,,6630321,1058151,,25/02/11
2011,IL CIGNO NERO,USA,20TH CENTURY FOX ITALIA S.P.A.,,6022183,1041783,,18/02/11
2011,THIS MUST BE THE PLACE,ITA,MEDUSA FILM S.P.A.,,6063905,1026287,,14/10/11
2011,ANCHE SE E' AMORE NON SI VEDE,ITA,MEDUSA FILM S.P.A.,,5924265,983552,,23/11/11
2011,HABEMUS PAPAM,COP,01 DISTRIBUTION,,5857283,954993,,15/04/11
2011,THOR,USA,UNIVERSAL S.R.L.,,7489288,871545,,27/04/11
2011,RIO,USA,20TH CENTURY FOX ITALIA S.P.A.,,6677617,865194,,15/04/11
2011,CAPTAIN AMERICA - IL PRIMO VENDICATORE,USA,20TH CENTURY FOX ITALIA S.P.A.,,6238083,862619,,22/07/11
2011,EX: AMICI COME PRIMA!,ITA,01 DISTRIBUTION,,5006503,793927,,07/10/11
2011,RANGO,USA,UNIVERSAL S.R.L.,,4953579,785550,,11/03/11
2011,VI PRESENTO I NOSTRI,USA,UNIVERSAL S.R.L.,,4894355,755150,,14/01/11
2011,NATALE IN SUDAFRICA,ITA,FIIMAURO S.R.L.,,4516301,671413,,17/12/10 
2011,MATRIMONIO A PARIGI,ITA,MEDUSAFILM S.P.A.,,4210644,669965,,21/10/11 
2011,IMMORTALS,USA,01 DISTRIBUTION,,4196632,487998,,11/11/11 
2011,THE TOURIST,USA,01 DISTRIBUTION,,4190924,621220,,17/12/10 
2011,IL RE LEONE [RIED.],USA,WALT DISNEY S.M.P. ITALIA,,4036622,468783,,11/11/11 
2012,BENVENUTI AL NORD,ITA,MEDUSA FILM S.P.A.,488.0,27193895,4288827,27193895.0,18/01/2012
2012,MADAGASCAR 3: RICERCATI IN EUROPA,USA,UNIVERSAL S.R.L.,457.0,21909183,3043890,21912061.0,22/08/2012
2012,BREAKING DAWN - PARTE 2,USA,EAGLE PICTURES S.P.A.,438.0,18684582,2805912,18687674.0,14/11/2012
2012,THE AVENGERS,USA,WALT DISNEY S.M.P. ITALIA,445.0,18011817,2133712,18012001.0,25/04/2012
2012,L'ERA GLACIALE 4: CONTINENTI ALLA DERIVA,USA,20TH CENTURY FOX ITALIA S.P.A.,478.0,16565256,2325380,16571819.0,28/09/2012
2012,QUASI AMICI,FRA,MEDUSA FILM S.P.A.,481.0,14961389,2495738,14981345.0,24/02/2012
2012,IL CAVALIERE OSCURO - IL RITORNO,GBR,WARNER BROS ITALIA S.P.A.,416.0,14670636,2213636,14670664.0,29/08/2012
2012,LO HOBBIT: UN VIAGGIO INASPETTATO,NZL,WARNER BROS ITALIA S.P.A.,394.0,13708860,1637920,16414203.0,13/12/2012
2012,007 SKYFALL,GBR,WARNER BROS ITALIA S.P.A.,427.0,12821754,1894614,12838724.0,31/10/2012
2012,IMMATURI - IL VIAGGIO,ITA,MEDUSA FILM S.P.A.,466.0,11820941,1852732,11821434.0,04/01/2012
2012,THE AMAZING SPIDER-MAN,USA,WARNER BROS ITALIA S.P.A.,393.0,11809681,1554754,11809681.0,04/07/2012
2012,TED,USA,UNIVERSAL S.R.L.,392.0,11064588,1670448,11064869.0,04/10/2012
2012,POSTI IN PIEDI IN PARADISO,ITA,FILMAURO S.R.L.,459.0,9323514,1483525,9323901.0,02/03/2012
2012,BIANCANEVE E IL CACCIATORE,USA,UNIVERSAL S.R.L.,384.0,8834374,1385663,8834682.0,11/07/2012
2012,COLPI DI FULMINE,ITA,UNIVERSAL S.R.L.,391.0,8107032,1199732,10052923.0,13/12/2012
2012,TITANIC - 3D,USA,20TH CENTURY FOX ITALIA S.P.A.,313.0,7884271,836419,7884271.0,06/04/2012
2012,IL PEGGIOR NATALE DELLA MIA VITA,ITA,WARNER BROS ITALIA S.P.A.,431.0,7849361,1211960,7870748.0,22/11/2012
2012,TO ROME WITH LOVE,USA,MEDUSA FILM S.P.A.,463.0,7815005,1291964,7815005.0,20/04/2012
2012,TUTTO TUTTO NIENTE NIENTE,ITA,01 DISTRIBUTION,429.0,7687917,1137981,8577454.0,13/12/2012
2012,HUGO CABRET,GBR,01 DISTRIBUTION,446.0,7579837,918131,7589526.0,03/02/2012
2012,I 2 SOLITI IDIOTI,ITA,MEDUSA FILM S.P.A.,350.0,7329316,1033115,8770730.0,20/12/2012
2012,RIBELLE - THE BRAVE,USA,WALT DISNEY S.M.P. ITALIA,450.0,7238341,1078845,7245432.0,05/09/2012
2012,COM'E' BELLO FAR L'AMORE,ITA,MEDUSA FILM S.P.A.,429.0,6894807,1053387,6894807.0,10/02/2012
2012,DARK SHADOWS,GBR,WARNER BROS ITALIA S.P.A.,430.0,6727588,1060905,6729408.0,11/05/2012
2012,LE 5 LEGGENDE,USA,UNIVERSAL S.R.L.,394.0,6683980,957799,7206785.0,29/11/2012
2012,HOTEL TRANSYLVANIA,USA,WARNER BROS ITALIA S.P.A.,404.0,6662840,934672,6710153.0,08/11/2012
2012,AMERICAN PIE: ANCORA INSIEME,USA,UNIVERSAL S.R.L.,365.0,6258407,950599,6258407.0,04/05/2012
2012,MEN IN BLACK 3,USA,WARNER BROS ITALIA S.P.A.,404.0,6248297,826842,6248297.0,23/05/2012
2012,ALVIN SUPERSTAR 3: SI SALVI CHI PUO',USA,20TH CENTURY FOX ITALIA S.P.A.,402.0,6243570,996686,6243570.0,03/01/2012
2012,J. EDGAR,USA,WARNER BROS ITALIA S.P.A.,400.0,6007838,930561,6008515.0,04/01/2012
2012,MISSION: IMPOSSIBLE - PROTOCOLLO FANTASMA,USA,UNIVERSAL S.R.L.,392.0,5940532,895931,5940532.0,27/01/2012
2012,IL GATTO CON GLI STIVALI,USA,UNIVERSAL S.R.L.,449.0,5633513,709383,16320359.0,16/12/2011
2012,I MERCENARI 2,USA,UNIVERSAL S.R.L.,331.0,5469602,849327,5469602.0,17/08/2012
2012,SHERLOCK HOLMES: GIOCO DI OMBRE,GBR,WARNER BROS ITALIA S.P.A.,434.0,5337264,793382,18613544.0,16/12/2011
2012,VIVA L'ITALIA,ITA,01 DISTRIBUTION,425.0,5329267,844333,5333290.0,25/10/2012
2012,BIANCANEVE,USA,01 DISTRIBUTION,402.0,5264823,824831,5265112.0,04/04/2012
2012,PROMETHEUS,USA,20TH CENTURY FOX ITALIA S.P.A.,404.0,5083963,662260,5083963.0,14/09/2012
2012,VENUTO AL MONDO,ITA,MEDUSA FILM S.P.A.,422.0,4986208,855144,5054429.0,08/11/2012
2012,VIAGGIO NELL'ISOLA MISTERIOSA,USA,WARNER BROS ITALIA S.P.A.,359.0,4824651,564296,4825288.0,24/02/2012
2012,BATTLESHIP,USA,UNIVERSAL S.R.L.,327.0,4446587,669314,4446587.0,13/04/2012
2013,SOLE A CATINELLE,ITA,MEDUSA FILM S.P.A.,485.0,51845978,8005352,51936645.0,31/10/2013
2013,IRON MAN 3,USA,WALT DISNEY S.M.P. ITALIA,445.0,16088760,2290247,16088853.0,24/04/2013
2013,CATTIVISSIMO ME 2,USA,UNIVERSAL S.R.L.,451.0,15952686,2396999,15963384.0,10/10/2013
2013,IL PRINCIPE ABUSIVO,ITA,01 DISTRIBUTION,459.0,14349429,2380475,14349505.0,14/02/2013
2013,FAST & FURIOUS 6,USA,UNIVERSAL S.R.L.,387.0,12891928,1970668,12892093.0,22/05/2013
2013,UNA NOTTE DA LEONI 3,USA,WARNER BROS ITALIA S.P.A.,395.0,12569733,1942698,12570263.0,30/05/2013
2013,DJANGO UNCHAINED,USA,WARNER BROS ITALIA S.P.A.,449.0,12045012,1865274,12047965.0,17/01/2013
2013,FROZEN - IL REGNO DI GHIACCIO,USA,WALT DISNEY S.M.P. ITALIA,357.0,11785389,1735921,19367186.0,19/12/2013
2013,I CROODS,USA,20TH CENTURY FOX ITALIA S.P.A.,463.0,11536289,1700092,11537064.0,21/03/2013
2013,LO HOBBIT: LA DESOLAZIONE DI SMAUG,NZL,WARNER BROS ITALIA S.P.A.,350.0,11253200,1462728,12792399.0,12/12/2013
2013,LA MIGLIORE OFFERTA,ITA,WARNER BROS ITALIA S.P.A.,470.0,9301607,1520043,9303766.0,01/01/2013
2013,COLPI DI FORTUNA,ITA,FILMAURO/UNIVERSAL,410.0,9080296,1321499,10953128.0,19/12/2013
2013,MONSTERS UNIVERSITY,USA,WALT DISNEY S.M.P. ITALIA,443.0,9071043,1421951,9072559.0,21/08/2013
2013,BENVENUTO PRESIDENTE!,ITA,01 DISTRIBUTION,476.0,8531788,1384004,8533576.0,21/03/2013
2013,THOR: THE DARK WORLD,USA,WALT DISNEY S.M.P. ITALIA,389.0,8356971,1186206,8358847.0,20/11/2013
2013,IL GRANDE E POTENTE OZ,USA,WALT DISNEY S.M.P. ITALIA,432.0,8140267,1067662,8140582.0,07/03/2013
2013,HUNGER GAMES - LA RAGAZZA DI FUOCO,USA,UNIVERSAL S.R.L.,412.0,8137109,1252962,8142597.0,27/11/2013
2013,UN FANTASTICO VIA VAI,ITA,01 DISTRIBUTION,350.0,7636232,1135102,9054440.0,12/12/2013
2013,IL GRANDE GATSBY,AUS,WARNER BROS ITALIA S.P.A.,426.0,7351203,1195347,7355137.0,16/05/2013
2013,LA GRANDE BELLEZZA,ITA,MEDUSA FILM S.P.A.,432.0,6770776,1108925,7318730.0,21/05/2013
2013,I PUFFI 2,USA,WARNER BROS ITALIA S.P.A.,435.0,6610071,1005767,6610944.0,19/09/2013
2013,LINCOLN,USA,20TH CENTURY FOX ITALIA S.P.A.,462.0,6538157,1067782,6539355.0,24/01/2013
2013,RUSH,GBR,01 DISTRIBUTION,420.0,6476272,1030274,6485269.0,19/09/2013
2013,INDOVINA CHI VIENE A NATALE?,ITA,MEDUSA FILM S.P.A.,442.0,6374623,941382,7726119.0,19/12/2013
2013,GRAVITY,GBR,WARNER BROS ITALIA S.P.A.,344.0,6286720,691984,6399819.0,03/10/2013
2013,MAI STATI UNITI,ITA,01 DISTRIBUTION,370.0,5539002,871897,5539002.0,03/01/2013
2013,IL LATO POSITIVO,USA,EAGLE PICTURES S.P.A.,402.0,5282342,864667,5285196.0,07/03/2013
2013,FUGA DI CERVELLI,ITA,MEDUSA FILM S.P.A.,379.0,5114539,803929,5116003.0,21/11/2013
2013,WORLD WAR Z,USA,UNIVERSAL S.R.L.,343.0,5039177,776936,5039225.0,27/06/2013
2013,WOLVERINE: L'IMMORTALE,USA,20TH CENTURY FOX ITALIA S.P.A.,327.0,5034806,764732,5034840.0,25/07/2013
2013,ELYSIUM,USA,WARNER BROS ITALIA S.P.A.,355.0,4744523,759492,4744523.0,29/08/2013
2013,L'UOMO D'ACCIAIO,USA,WARNER BROS ITALIA S.P.A.,376.0,4716666,720736,4716709.0,20/06/2013
2013,TURBO,USA,20TH CENTURY FOX ITALIA S.P.A.,407.0,4589304,730619,4590358.0,19/08/2013
2013,QUELLO CHE SO SULL'AMORE,USA,MEDUSA FILM S.P.A.,415.0,4524584,721002,4524584.0,10/01/2013
2013,NOW YOU SEE ME - I MAGHI DEL CRIMINE,USA,UNIVERSAL S.R.L.,311.0,4474580,741035,4475997.0,11/07/2013
2013,EDUCAZIONE SIBERIANA,ITA,01 DISTRIBUTION,414.0,4407690,718250,4410632.0,28/02/2013
2013,AFTER EARTH - DOPO LA FINE DEL MONDO,USA,WARNER BROS ITALIA S.P.A.,357.0,4407550,720798,4407877.0,06/06/2013
2013,ASPIRANTE VEDOVO,ITA,01 DISTRIBUTION,410.0,4384503,708615,4385015.0,10/10/2013
2013,COME TI SPACCIO LA FAMIGLIA,USA,WARNER BROS ITALIA S.P.A.,345.0,4381233,689814,4383316.0,12/09/2013
2013,OBLIVION,USA,UNIVERSAL S.R.L.,386.0,4330505,699173,4330505.0,11/04/2013
2014,MALEFICENT,GBR,WALT DISNEY S.M.P. ITALIA,425.0,14064236,2173339,14064731.0,28/05/2014
2014,UN BOSS IN SALOTTO,ITA,WARNER BROS ITALIA S.P.A.,459.0,12311441,1888662,12311441.0,01/01/2014
2014,THE WOLF OF WALL STREET,USA,01 DISTRIBUTION,422.0,11959019,1843901,11959762.0,23/01/2014
2014,LO HOBBIT: LA BATTAGLIA DELLE CINQUE ARMATE,NZL,WARNER BROS ITALIA S.P.A.,349.0,11475275,1487593,13729260.0,17/12/2014
2014,"IL RICCO, IL POVERO E IL MAGGIORDOMO",ITA,MEDUSA FILM S.P.A.,423.0,10885545,1587294,13140038.0,11/12/2014
2014,INTERSTELLAR,USA,WARNER BROS ITALIA S.P.A.,380.0,10650287,1588275,10722779.0,06/11/2014
2014,SOTTO UNA BUONA STELLA,ITA,FILMAURO/UNIVERSAL,469.0,10312789,1653445,10312789.0,13/02/2014
2014,THE AMAZING SPIDER-MAN 2: IL POTERE DI ELECTRO,USA,WARNER BROS ITALIA S.P.A.,424.0,9170539,1447202,9170539.0,23/04/2014
2014,HUNGER GAMES - IL CANTO DELLA RIVOLTA: PARTE 1,USA,UNIVERSAL S.R.L.,394.0,8903894,1335804,8904555.0,20/11/2014
2014,TRANSFORMERS 4: L'ERA DELL'ESTINZIONE,USA,UNIVERSAL S.R.L.,346.0,8701491,1224256,8701491.0,16/07/2014
2014,DRAGON TRAINER 2,USA,20TH CENTURY FOX ITALIA S.P.A.,436.0,8212403,1255869,8214857.0,16/08/2014
2014,TUTTA COLPA DI FREUD,ITA,MEDUSA FILM S.P.A.,441.0,7928490,1279902,7928847.0,23/01/2014
2014,ANDIAMO A QUEL PAESE,ITA,MEDUSA FILM S.P.A.,426.0,7914301,1286870,8032430.0,06/11/2014
2014,I PINGUINI DI MADAGASCAR,USA,20TH CENTURY FOX ITALIA S.P.A.,464.0,7833474,1199784,7979117.0,27/11/2014
2014,NOAH,USA,UNIVERSAL S.R.L.,460.0,7735616,1155959,7735616.0,10/04/2014
2014,FROZEN - IL REGNO DI GHIACCIO,USA,WALT DISNEY S.M.P. ITALIA,463.0,7608340,1180994,19404911.0,19/12/2013
2014,LUCY,FRA,UNIVERSAL S.R.L.,419.0,7295551,1131847,7298435.0,25/09/2014
2014,CAPTAIN AMERICA - THE WINTER SOLDIER,USA,WALT DISNEY S.M.P. ITALIA,410.0,7125489,1065722,7125489.0,26/03/2014
2014,BELLE & SEBASTIEN,FRA,NOTORIOUS PICT. S.P.A.,479.0,7065634,1174235,7072632.0,30/01/2014
2014,X-MEN - GIORNI DI UN FUTURO PASSATO,USA,20TH CENTURY FOX ITALIA S.P.A.,392.0,6603886,1006189,6603886.0,22/05/2014
2014,IL GIOVANE FAVOLOSO,ITA,01 DISTRIBUTION,389.0,6208854,1067913,6314391.0,16/10/2014
2014,300: L'ALBA DI UN IMPERO,USA,WARNER BROS ITALIA S.P.A.,364.0,6072753,851385,6072816.0,06/03/2014
2014,BIG HERO 6,USA,WALT DISNEY S.M.P. ITALIA,376.0,6032144,902184,9587701.0,18/12/2014
2014,RIO 2: MISSIONE AMAZZONIA,USA,20TH CENTURY FOX ITALIA S.P.A.,447.0,6009848,975206,6010341.0,17/04/2014
2014,LA SCUOLA PIU' BELLA DEL MONDO,ITA,UNIVERSAL S.R.L.,415.0,5929073,946280,6012122.0,13/11/2014
2014,IL CAPITALE UMANO,ITA,01 DISTRIBUTION,478.0,5750650,947051,5751824.0,09/01/2014
2014,GUARDIANI DELLA GALASSIA,USA,WALT DISNEY S.M.P. ITALIA,395.0,5679881,833898,5680057.0,22/10/2014
2014,SCUSATE SE ESISTO!,ITA,01 DISTRIBUTION,404.0,5402266,854606,5464332.0,20/11/2014
2014,COLPA DELLE STELLE,USA,20TH CENTURY FOX ITALIA S.P.A.,427.0,5310285,842708,5317358.0,04/09/2014
2014,DRACULA UNTOLD,USA,UNIVERSAL S.R.L.,339.0,5264147,796349,5264147.0,30/10/2014
2014,GODZILLA,USA,WARNER BROS ITALIA S.P.A.,378.0,5203021,833402,5203021.0,15/05/2014
2014,THE BUTLER - UN MAGGIORDOMO ALLA CASA BIANCA,USA,VIDEA-CDE S.P.A.,400.0,5174544,836156,5176925.0,01/01/2014
2014,CAPITAN HARLOCK,JPN,LUCKY RED DISTRIB.,289.0,5106287,620917,5106287.0,01/01/2014
2014,AMERICAN HUSTLE - L'APPARENZA INGANNA,USA,EAGLE PICTURES S.P.A.,372.0,5054743,795030,5056839.0,01/01/2014
2014,UN NATALE STUPEFACENTE,ITA,FILMAURO/UNIVERSAL,404.0,5043317,733861,5985079.0,18/12/2014
2014,LA BELLA E LA BESTIA,FRA,NOTORIOUS PICT. S.P.A.,390.0,4883695,797938,4883695.0,27/02/2014
2014,APES REVOLUTION: IL PIANETA DELLE SCIMMIE,USA,20TH CENTURY FOX ITALIA S.P.A.,347.0,4863140,717075,4863140.0,30/07/2014
2014,12 ANNI SCHIAVO,USA,BIM DISTRIB. S.R.L.,416.0,4840981,818517,4845765.0,20/02/2014
2014,L'AMORE BUGIARDO - GONE GIRL,USA,20TH CENTURY FOX ITALIA S.P.A.,289.0,4673630,670763,7730840.0,18/12/2014
2014,ALLACCIATE LE CINTURE,ITA,01 DISTRIBUTION,463.0,4655340,771528,4656963.0,06/03/2014
2015,INSIDE OUT,USA,WALT DISNEY S.M.P. ITALIA,577.0,25343792,4062788,25381301.0,16/09/2015
2015,MINIONS,USA,UNIVERSAL S.R.L.,561.0,23434198,3568348,23436890.0,27/08/2015
2015,STAR WARS: IL RISVEGLIO DELLA FORZA,USA,DISNEY S.M.P. ITALIA,429.0,20203156,2629969,25545088.0,16/12/2015
2015,CINQUANTA SFUMATURE DI GRIGIO,USA,UNIVERSAL S.R.L.,460.0,19632916,2832587,19632916.0,12/02/2015
2015,AMERICAN SNIPER,USA,WARNER BROS ITALIA S.P.A.,498.0,19071191,2814462,19072570.0,01/01/2015
2015,FAST & FURIOUS 7,USA,UNIVERSAL S.R.L.,470.0,18667915,2697123,18667915.0,02/04/2015
2015,AVENGERS: AGE OF ULTRON,USA,WALT DISNEY S.M.P. ITALIA,481.0,16571660,2310509,16571660.0,22/04/2015
2015,SI ACCETTANO MIRACOLI,ITA,01 DISTRIBUTION,475.0,15474362,2353256,15474480.0,01/01/2015
2015,CENERENTOLA (CINDERELLA),USA,WALT DISNEY S.M.P. ITALIA,539.0,15009077,2417246,15013402.0,12/03/2015
2015,JURASSIC WORLD,USA,UNIVERSAL S.R.L.,462.0,14733811,2104996,14734357.0,11/06/2015
2015,SPECTRE,GBR,WARNER BROS ITALIA S.P.A.,481.0,12441488,1804953,12470542.0,05/11/2015
2015,HOTEL TRANSYLVANIA 2,USA,WARNER BROS ITALIA S.P.A.,535.0,9921083,1697821,9925374.0,08/10/2015
2015,THE IMITATION GAME,GBR,VIDEA-CDE S.P.A.,469.0,8373459,1315933,8384579.0,01/01/2015
2015,HUNGER GAMES - IL CANTO DELLA RIVOLTA: PARTE 2,USA,UNIVERSAL S.R.L.,423.0,8174635,1192096,8175546.0,19/11/2015
2015,SOPRAVVISSUTO: THE MARTIAN,USA,20TH CENTURY FOX ITALIA S.P.A.,414.0,7172107,1160769,7185940.0,01/10/2015
2015,VACANZE AI CARAIBI,ITA,MEDUSA FILM S.P.A.,497.0,6573192,964099,7437514.0,16/12/2015
2015,NATALE COL BOSS,ITA,FILMAURO/UNIVERSAL,437.0,6438110,961166,7534691.0,16/12/2015
2015,EXODUS: DEI E RE,USA,20TH CENTURY FOX ITALIA S.P.A.,429.0,6135970,885510,6135970.0,15/01/2015
2015,YOUTH - LA GIOVINEZZA,ITA,MEDUSA FILM S.P.A.,505.0,6065364,971493,6071896.0,20/05/2015
2015,IL VIAGGIO DI ARLO,USA,WALT DISNEY S.M.P. ITALIA,494.0,6013157,957450,6283148.0,25/11/2015
2015,NOTTE AL MUSEO 3 - IL SEGRETO DEL FARAONE,USA,20TH CENTURY FOX ITALIA S.P.A.,414.0,5793153,905567,5793183.0,28/01/2015
2015,IL PROFESSOR CENERENTOLO,ITA,01 DISTRIBUTION,438.0,5758235,861152,6048980.0,07/12/2015
2015,LA TEORIA DEL TUTTO,GBR,UNIVERSAL S.R.L.,500.0,5554007,902975,5559418.0,15/01/2015
2015,MISSION: IMPOSSIBLE - ROGUE NATION,USA,UNIVERSAL S.R.L.,457.0,5520652,839261,5522153.0,19/08/2015
2015,IL PONTE DELLE SPIE,USA,20TH CENTURY FOX ITALIA S.P.A.,289.0,5503283,815717,10920171.0,16/12/2015
2015,FOCUS - NIENTE E' COME SEMBRA,USA,WARNER BROS ITALIA S.P.A.,348.0,5335899,823439,5340456.0,05/03/2015
2015,MA CHE BELLA SORPRESA,ITA,MEDUSA FILM S.P.A.,462.0,5264827,839953,5264827.0,11/03/2015
2015,SPONGEBOB - FUORI DALL'ACQUA,USA,UNIVERSAL S.R.L.,494.0,5138250,822555,5138369.0,26/02/2015
2015,BIRDMAN,USA,20TH CENTURY FOX ITALIA S.P.A.,421.0,4757975,766911,4758277.0,05/02/2015
2015,EVEREST,GBR,UNIVERSAL S.R.L.,441.0,4747145,724822,4753511.0,24/09/2015
2015,ANT-MAN,USA,WALT DISNEY S.M.P. ITALIA,393.0,4715660,713543,4715660.0,12/08/2015
2015,SUBURRA,ITA,01 DISTRIBUTION,451.0,4680578,811088,4695623.0,14/10/2015
2015,HEART OF THE SEA: LE ORIGINI DI MOBY DICK,USA,WAARNER BROS ITALIA S.P.A.,330.0,4400202,636408,4466547.0,03/12/2015
2015,FURY,USA,LUCKY RED DISTRIB.,401.0,4265741,677874,4266367.0,02/06/2015
2015,BELLI DI PAPA',ITA,MEDUSA FILM S.P.A.,504.0,4221322,664329,4228842.0,29/10/2015
2015,ITALIANO MEDIO,ITA,MEDUSA FILM S.P.A.,355.0,4106904,625857,4106904.0,29/01/2015
2015,TED 2,USA,UNIVERSAL S.R.L.,388.0,4076146,642891,4076146.0,25/06/2015
2015,SE DIO VUOLE,ITA,01 DISTRIBUTION,503.0,4052506,662117,4059009.0,09/04/2015
2015,NOI E LA GIULIA,ITA,WARNER BROS ITALIA S.P.A.,441.0,4036961,661340,4037619.0,19/02/2015
2015,NON SPOSATE LE MIE FIGLIE!,FRA,01 DISTRIBUTION,378.0,3974788,633726,3975983.0,05/02/2015
2016,QUO VADO?,ITA,MEDUSA FILM S.P.A.,611.0,65365655,9367977,65365655.0,01/01/2016
2016,PERFETTI SCONOSCIUTI,ITA,MEDUSA FILM S.P.A.,615.0,17370302,2721043,17374938.0,11/02/2016
2016,ALLA RICERCA DI DORY,USA,WALT DISNEY S.M.P. ITALIA,613.0,15159603,2402884,15181250.0,15/09/2016
2016,ANIMALI FANTASTICI E DOVE TROVARLI,USA,WARNER BROS ITALIA S.P.A.,544.0,14859849,2230581,14929762.0,17/11/2016
2016,REVENANT - REDIVIVO,USA,20TH CENTURY FOX ITALIA S.P.A.,554.0,13899976,2094635,13899976.0,16/01/2016
2016,PETS - VITA DA ANIMALI,USA,UNIVERSAL S.R.L.,595.0,13302537,2272688,13322674.0,06/10/2016
2016,INFERNO,USA,WARNER BROS ITALIA S.P.A.,561.0,12423229,1868285,12431121.0,13/10/2016
2016,SUICIDE SQUAD,USA,WARNER BROS ITALIA S.P.A.,408.0,12106447,1795900,12106545.0,13/08/2016
2016,ZOOTROPOLIS,USA,WALT DISNEY S.M.P. ITALIA,587.0,11322424,1780370,11327990.0,18/02/2016
2016,CAPTAIN AMERICA: CIVIL WAR,USA,WALT DISNEY S.M.P. ITALIA,499.0,11311976,1643329,11312201.0,04/05/2016
2016,BATMAN V SUPERMAN: DAWN OF JUSTICE,USA,WARNER BROS ITALIA S.P.A.,471.0,10561006,1553148,10561006.0,23/03/2016
2016,IL LIBRO DELLA GIUNGLA,USA,WALT DISNEY S.M.P. ITALIA,574.0,10433499,1641894,10434613.0,14/04/2016
2016,IL PICCOLO PRINCIPE,ITA,LUCKY RED DISTRIB.,573.0,9489147,1519109,9493443.0,01/01/2016
2016,L'ERA GLACIALE: IN ROTTA DI COLLISIONE,USA,20TH CENTURY FOX ITALIA S.P.A.,562.0,8717632,1436758,8719200.0,22/08/2016
2016,ROGUE ONE: A STAR WARS STORY,USA,WALT DISNEY S.M.P. ITALIA,466.0,8506045,1172834,10208792.0,15/12/2016
2016,THE HATEFUL EIGHT,USA,01 DISTRIBUTION,504.0,8494645,1236509,8494815.0,04/02/2016
2016,KUNG FU PANDA 3,USA,20TH CENTURY FOX ITALIA S.P.A.,587.0,8360201,1319960,8360201.0,17/03/2016
2016,L'ABBIAMO FATTA GROSSA,ITA,FILMAURO/UNIVERSAL,584.0,7691657,1221341,7691657.0,28/01/2016
2016,DEADPOOL,USA,20TH CENTURY FOX ITALIA S.P.A.,378.0,7411297,1118385,7411435.0,18/02/2016
2016,DOCTOR STRANGE,USA,WALT DISNEY S.M.P. ITALIA,437.0,7330152,1164355,7331020.0,26/10/2016
2016,OCEANIA,USA,WALT DISNEY S.M.P. ITALIA,491.0,7290561,1103080,14366663.0,22/12/2016
2016,IO PRIMA DI TE,USA,WARNER BROS ITALIA S.P.A.,501.0,7077691,1206894,7085921.0,01/09/2016
2016,ALICE ATTRAVERSO LO SPECCHIO,USA,WALT DISNEY S.M.P. ITALIA,515.0,6587618,1001220,6592565.0,25/05/2016
2016,SULLY,USA,WARNER BROS ITALIA S.P.A.,466.0,6548668,1081971,7076828.0,01/12/2016
2016,LA PAZZA GIOIA,ITA,01 DISTRIBUTION,522.0,6190495,1002095,6209636.0,17/05/2016
2016,BRIDGET JONES'S BABY,GBR,UNIVERSAL S.R.L.,557.0,5753526,950999,5757294.0,22/09/2016
2016,CREED - NATO PER COMBATTERE,USA,WARNER BROS ITALIA S.P.A.,366.0,5497049,818964,5497049.0,14/01/2016
2016,IL PONTE DELLE SPIE,USA,20TH CENTURY FOX ITALIA S.P.A.,508.0,5478063,833929,10981347.0,16/12/2015
2016,STAR WARS: IL RISVEGLIO DELLA FORZA,USA,WALT DISNEY S.M.P. ITALIA,358.0,5353263,732981,25558574.0,16/12/2015
2016,POVERI MA RICCHI,ITA,WARNER BROS ITALIA S.P.A.,432.0,5293103,783733,6874842.0,15/12/2016
2016,X-MEN: APOCALISSE,USA,20TH CENTURY FOX ITALIA S.P.A.,414.0,5266851,791453,5266851.0,18/05/2016
2016,LO CHIAMAVANO JEEG ROBOT,ITA,LUCKY RED DISTRIB.,484.0,5082495,796357,5087976.0,25/02/2016
2016,LA GRANDE SCOMMESSA,USA,UNIVERSAL S.R.L.,398.0,4985040,773187,4985698.0,07/01/2016
2016,LA RAGAZZA DEL TRENO,USA,01 DISTRIBUTION,491.0,4914656,869465,4973430.0,03/11/2016
2016,MISS PEREGRINE - LA CASA DEI RAGAZZI SPECIALI,USA,20TH CENTURY FOX ITALIA S.P.A.,319.0,4858075,717960,6586290.0,15/12/2016
2016,THE LEGEND OF TARZAN,GBR,WARNER BROS ITALIA S.P.A.,381.0,4444200,685826,4444576.0,14/07/2016
2016,TROLLS,USA,20TH CENTURY FOX ITALIA S.P.A.,500.0,4383841,760157,4401677.0,27/10/2016
2016,IL CASO SPOTLIGHT,USA,BIM DISTRIB. S.R.L.,443.0,4160923,685082,4166991.0,18/02/2016
2016,THE DANISH GIRL,GBR,UNIVERSAL S.R.L.,462.0,3917674,647347,3917998.0,18/02/2016
2016,IN GUERRA PER AMORE,ITA,01 DISTRIBUTION,534.0,3874244,697671,3956533.0,27/10/2016
2017,LA BELLA E LA BESTIA,USA,WALT DISNEY S.M.P. ITALIA,626.0,20509569,3219211,20509659.0,16/03/2017
2017,CATTIVISSIMO ME 3,USA,UNIVERSAL S.R.L.,597.0,17996113,2782387,18011504.0,24/08/2017
2017,CINQUANTA SFUMATURE DI NERO,USA,UNIVERSAL S.R.L.,479.0,14874659,2161662,14874659.0,09/02/2017
2017,FAST & FURIOUS 8,USA,UNIVERSAL S.R.L.,509.0,14708426,2076230,14708504.0,13/04/2017
2017,IT,USA,WARNER BROS ITALIA S.P.A.,461.0,14526094,2035699,14543397.0,19/10/2017
2017,STAR WARS: GLI ULTIMI JEDI,USA,WALT DISNEY S.M.P. ITALIA,491.0,13322794,1804427,15147550.0,13/12/2017
2017,ASSASSINIO SULL'ORIENT EXPRESS,USA,20TH CENTURY FOX ITALIA S.P.A.,548.0,13058340,1924810,14636459.0,30/11/2017
2017,PIRATI DEI CARAIBI - LA VENDETTA DI SALAZAR,USA,WALT DISNEY S.M.P. ITALIA,524.0,12538039,1835864,12538291.0,24/05/2017
2017,L'ORA LEGALE,ITA,MEDUSA FILM S.P.A.,590.0,10376400,1807170,10377462.0,19/01/2017
2017,MISTER FELICITA',ITA,01 DISTRIBUTION,473.0,10206028,1686802,10207997.0,01/01/2017
2017,COLLATERAL BEAUTY,USA,WARNER BROS ITALIA S.P.A.,488.0,9494502,1566531,9497533.0,04/01/2017
2017,THOR: RAGNAROK,USA,WALT DISNEY S.M.P. ITALIA,460.0,8833187,1261732,8834017.0,25/10/2017
2017,DUNKIRK,GBR,WARNER BROS ITALIA S.P.A.,545.0,8800621,1302689,8845589.0,31/08/2017
2017,SING,USA,UNIVERSAL S.R.L.,596.0,8762724,1480039,8948288.0,04/01/2017
2017,SPIDER-MAN: HOMECOMING,USA,WARNER BROS ITALIA S.P.A.,409.0,8609004,1300249,8609103.0,06/07/2017
2017,LA LA LAND,USA,01 DISTRIBUTION,550.0,8274993,1422930,8276942.0,26/01/2017
2017,CARS 3,USA,WALT DISNEY S.M.P. ITALIA,599.0,7927218,1218021,7936191.0,14/09/2017
2017,GUARDIANI DELLA GALASSIA VOL. 2,USA,WALT DISNEY S.M.P. ITALIA,480.0,7142151,1079781,7142629.0,25/04/2017
2017,BABY BOSS,USA,20TH CENTURY FOX ITALIA S.P.A.,547.0,7131088,1166829,7131088.0,20/04/2017
2017,OCEANIA,USA,WALT DISNEY S.M.P. ITALIA,563.0,7064140,1160835,14366663.0,22/12/2016
2017,JUSTICE LEAGUE,USA,WARNER BROS ITALIA S.P.A.,433.0,6750292,990639,6751000.0,16/11/2017
2017,FAMIGLIA ALL'IMPROVVISO - ISTRUZIONI NON INCLUSE,FRA,LUCKY RED DISTRIB.,564.0,6717769,1108677,6720334.0,20/04/2017
2017,ASSASSIN'S CREED,USA,20TH CENTURY FOX ITALIA S.P.A.,331.0,5887443,916447,5887443.0,04/01/2017
2017,BLADE RUNNER 2049,USA,WARNER BROS ITALIA S.P.A.,477.0,5493915,788614,5514597.0,05/10/2017
2017,SPLIT,USA,UNIVERSAL S.R.L.,394.0,5424286,911136,5426197.0,26/01/2017
2017,LOGAN - THE WOLVERINE,USA,20TH CENTURY FOX ITALIA S.P.A.,369.0,5313284,895071,5313590.0,01/03/2017
2017,WONDER,USA,01 DISTRIBUTION,411.0,5237863,769177,12334485.0,21/12/2017
2017,POVERI MA RICCHISSIMI,ITA,WARNER BROS ITALIA S.P.A.,459.0,5212030,757148,6110105.0,14/12/2017
2017,ALLIED - UN'OMBRA NASCOSTA,USA,UNIVERSAL S.R.L.,484.0,4996284,797861,4996465.0,12/01/2017
2017,TRANSFORMERS - L'ULTIMO CAVALIERE,USA,UNIVERSAL S.R.L.,394.0,4824867,710063,4824867.0,22/06/2017
2017,LA MUMMIA,USA,UNIVERSAL S.R.L.,441.0,4575737,688271,4575803.0,08/06/2017
2017,MAMMA O PAPA'?,ITA,MEDUSA FILM S.P.A.,537.0,4515298,768501,4515298.0,14/02/2017
2017,PASSENGERS,USA,WARNER BROS ITALIA S.P.A.,328.0,4421008,708624,5144975.0,30/12/2016
2017,BALLERINA,FRA,VIDEA S.P.A.,576.0,4344382,764751,4346189.0,16/02/2017
2017,THE PLACE,ITA,MEDUSA FILM S.P.A.,533.0,4320231,669388,4371389.0,09/11/2017
2017,IL GGG - IL GRANDE GIGANTE GENTILE,USA,MEDUSA FILM S.P.A.,526.0,4155757,714253,4775985.0,30/12/2016
2017,FERDINAND,USA,20TH CENTURY FOX ITALIA S.P.A.,479.0,4140755,625036,6001773.0,21/12/2017
2017,BEATA IGNORANZA,ITA,01 DISTRIBUTION,469.0,3904410,701293,3904855.0,23/02/2017
2017,THE WAR - IL PIANETA DELLE SCIMMIE,USA,20TH CENTURY FOX ITALIA S.P.A.,347.0,3713483,557019,3713483.0,13/07/2017
2017,LA RAGAZZA NELLA NEBBIA,ITA,MEDUSA FILM S.P.A.,501.0,3704884,573210,3744393.0,26/10/2017
2018,BOHEMIAN RHAPSODY,USA,20TH CENTURY FOX ITALIA S.P.A.,,21275707,2998778,,29/11/2018
2018,AVENGERS: INFINITY WAR,USA,WALT DISNEY S.M.P. ITALIA,,18777826,2645814,,25/04/2018
2018,CINQUANTA SFUMATURE DI ROSSO,USA,UNIVERSAL S.R.L.,,14379189,2043606,,08/02/2018
2018,ANIMALI FANTASTICI: I CRIMINI DI GRINDELWALD,GBR,WARNER BROS ITALIA S.P.A.,,12768573,1825661,,15/11/2018
2018,HOTEL TRANSYLVANIA 3: UNA VACANZA MOSTRUOSA,USA,WARNER BROS ITALIA S.P.A.,,12254184,1934922,,22/08/2018
2018,GLI INCREDIBILI 2,USA,WALT DISNEY S.M.P. ITALIA,,12047727,1874457,,19/09/2018
2018,JURASSIC WORLD - IL REGNO DISTRUTTO,USA,UNIVERSAL S.R.L.,,10682407,1638151,,07/06/2018
2018,JUMANJI: BENVENUTI NELLA GIUNGLA,USA,WARNER BROS ITALIA S.P.A.,,10285847,1510844,,01/01/2018
2018,IL RITORNO DI MARY POPPINS,USA,WALT DISNEY S.M.P. ITALIA,,9751580,1454155,,20/12/2018
2018,LO SCHIACCIANOCI E I QUATTRO REGNI,USA,WALT DISNEY S.M.P. ITALIA,,9416491,1478055,,31/10/2018
2018,A CASA TUTTI BENE,ITA,01 DISTRIBUTION,,9179618,1437629,,14/02/2018
2018,LA FORMA DELL'ACQUA - THE SHAPE OF WATER,USA,20TH CENTURY FOX ITALIA S.P.A.,,8651460,1363279,,14/02/2018
2018,COCO,USA,WALT DISNEY S.M.P. ITALIA,,8524825,1327125,,28/12/2017
2018,VENOM,USA,WARNER BROS ITALIA S.P.A.,,8497378,1236377,,04/10/2018
2018,BENEDETTA FOLLIA,ITA,FILMAURO/UNIVERSAL,,8486817,1309063,,11/01/2018
2018,COME UN GATTO IN TANGENZIALE,ITA,VISION DISTRIBUTION,,7691562,1176915,,28/12/2017
2018,BLACK PANTHER,USA,WALT DISNEY S.M.P. ITALIA,,7177054,1064295,,14/02/2018
2018,WONDER,USA,01 DISTRIBUTION,,7121269,1151364,,21/12/2017
2018,DEADPOOL 2,USA,20TH CENTURY FOX ITALIA S.P.A.,,7106556,1051322,,15/05/2018
2018,AMICI COME PRIMA,ITA,MEDUSA FILM S.P.A.,,6898707,968332,,19/12/2018
2018,A STAR IS BORN,USA,WARNER BROS ITALIA S.P.A.,,6777570,994198,,11/10/2018
2018,THE POST,USA,01 DISTRIBUTION,,6481803,1027588,,01/02/2018
2018,IL GRINCH,USA,UNIVERSAL S.R.L.,,5765192,908204,,29/11/2018
2018,THE NUN - LA VOCAZIONE DEL MALE,USA,WARNER BROS ITALIA S.P.A.,,5464736,795019,,20/09/2018
2018,MISSION: IMPOSSIBLE - FALLOUT,USA,20TH CENTURY FOX ITALIA S.P.A.,,5247493,767261,,29/08/2018
2018,SHARK - IL PRIMO SQUALO,USA,WARNER BROS ITALIA S.P.A.,,5024547,733010,,09/08/2018
2018,ANT-MAN AND THE WASP,USA,WALT DISNEY S.M.P. ITALIA,,4883236,752057,,14/08/2018
2018,READY PLAYER ONE,GBR,WARNER BROS ITALIA S.P.A.,,4882663,779578,,28/03/2018
2018,L'ORA PIU' BUIA,GBR,UNIVERSAL S.R.L.,,4474922,714582,,18/01/2018
2018,SOLO: A STAR WARS STORY,USA,WALT DISNEY S.M.P. ITALIA,,4459925,660934,,23/05/2018
2018,NAPOLI VELATA,ITA,WARNER BROS ITALIA S.P.A.,,4230530,656188,,28/12/2017
2018,SE SON ROSE,ITA,MEDUSA FILM S.P.A.,,4223540,625711,,29/11/2018
2018,LORO 1,ITA,UNIVERSAL S.R.L.,,4134871,631133,,24/04/2018
2018,IL FILO NASCOSTO,USA,UNIVERSAL S.R.L.,,3985381,640498,,22/02/2018
2018,"TRE MANIFESTI A EBBING, MISSOURI",USA,20TH CENTURY FOX ITALIA S.P.A.,,3881120,625575,,11/01/2018
2018,ESCOBAR - IL FASCINO DEL MALE,ESP,NOTORIOUS PICT. S.P.A.,,3482474,522902,,19/04/2018
2018,LA BEFANA VIEN DI NOTTE,ITA,L. RED/UNIVERSAL,,3453286,513945,,27/12/2018
2018,IL VEGETALE,ITA,WALT DISNEY S.M.P. ITALIA,,3433791,540700,,18/01/2018
2018,MAMMA MIA! CI RISIAMO,USA,UNIVERSAL S.R.L.,,3392690,522311,,06/09/2018
2018,HALLOWEEN,USA,UNIVERSAL S.R.L.,,3388136,478855,,25/10/2018
2019,IL RE LEONE,USA,WALT DISNEY S.M.P. ITALIA,,37506094,5691863,,21/08/2019
2019,AVENGERS: ENDGAME,USA,WALT DISNEY S.M.P. ITALIA,,30282559,4098421,,24/04/2019
2019,JOKER,USA,WARNER BROS ITALIA S.P.A.,,29338913,4189453,,03/10/2019
2019,FROZEN II - IL SEGRETO DI ARENDELLE,USA,WALT DISNEY S.M.P. ITALIA,,18087398,2802569,,27/11/2019
2019,ALADDIN,USA,WALT DISNEY S.M.P. ITALIA,,15440329,2411834,,22/05/2019
2019,IL PRIMO NATALE,ITA,MEDUSA FILM S.P.A.,,13381082,2060270,,12/12/2019
2019,MALEFICENT - SIGNORA DEL MALE,USA,WALT DISNEY S.M.P. ITALIA,,12365063,1871539,,17/10/2019
2019,C'ERA UNA VOLTA A...HOLLYWOOD,USA,WARNER BROS ITALIA S.P.A.,,11883478,1715489,,18/09/2019
2019,SPIDER-MAN: FAR FROM HOME,USA,WARNER BROS ITALIA S.P.A.,,11768785,1768717,,10/07/2019
2019,DUMBO,USA,WALT DISNEY S.M.P. ITALIA,,11212272,2004882,,28/03/2019
2019,STAR WARS: L'ASCESA DI SKYWALKER,USA,WALT DISNEY S.M.P. ITALIA,,11160627,1495788,,18/12/2019
2019,PINOCCHIO,ITA,01 DISTRIBUTION,,11017219,1647844,,19/12/2019
2019,RALPH SPACCA INTERNET,USA,WALT DISNEY S.M.P. ITALIA,,10851694,1684484,,01/01/2019
2019,AQUAMAN,USA,WARNER BROS ITALIA S.P.A.,,10766727,1537777,,01/01/2019
2019,CAPTAIN MARVEL,USA,WALT DISNEY S.M.P. ITALIA,,10244047,1556091,,06/03/2019
2019,GREEN BOOK,USA,EAGLE PICTURES S.P.A.,,10133145,1631687,,31/01/2019
2019,IT - CAPITOLO DUE,USA,WARNER BROS ITALIA S.P.A.,,9479605,1338915,,05/09/2019
2019,BOHEMIAN RHAPSODY,GBR,20TH CENTURY FOX ITALIA S.P.A.,,7757448,1152712,,29/11/2018
2019,10 GIORNI SENZA MAMMA,ITA,MEDUSA FILM S.P.A.,,7478544,1193681,,07/02/2019
2019,DRAGON TRAINER - IL MONDO NASCOSTO,USA,UNIVERSAL S.R.L.,,7258938,1126183,,31/01/2019
2019,CREED II,USA,WARNER BROS ITALIA S.P.A.,,7218712,1042945,,24/01/2019
2019,JUMANJI: THE NEXT LEVEL,USA,WARNER BROS ITALIA S.P.A.,,7169043,1002487,,25/12/2019
2019,IL CORRIERE - THE MULE,USA,WARNER BROS ITALIA S.P.A.,,6572625,1024791,,07/02/2019
2019,LA FAMIGLIA ADDAMS,USA,EAGLE PICTURES S.P.A.,,6484277,1020759,,31/10/2019
2019,FAST & FURIOUS - HOBBS & SHAW,USA,UNIVERSAL S.R.L.,,6399618,929369,,08/08/2019
2019,IL GIORNO PIU' BELLO DEL MONDO,ITA,VISION/UNIVERSAL,,6398945,1007910,,31/10/2019
2019,TOY STORY 4,USA,WALT DISNEY S.M.P. ITALIA,,6374321,1021956,,26/06/2019
2019,AFTER,USA,01 DISTRIBUTION,,6353560,947610,,11/04/2019
2019,L'IMMORTALE,ITA,VISION/UNIVERSAL,,5934856,870996,,05/12/2019
2019,MIA E IL LEONE BIANCO,FRA,EAGLE PICTURES S.P.A.,,5715354,922667,,17/01/2019
2019,POKEMON DETECTIVE PIKACHU,GBR,WARNER BROS ITALIA S.P.A.,,5207242,803553,,09/05/2019
2019,LA DEA FORTUNA,ITA,WARNER BROS ITALIA S.P.A.,,5201111,752670,,19/12/2019
2019,MA COSA CI DICE IL CERVELLO,ITA,VISION DISTRIBUTION,,5100715,783831,,18/04/2019
2019,"CETTO C'E', SENZADUBBIAMENTE",ITA,VISION/UNIVERSAL,,4977419,750111,,21/11/2019
2019,A UN METRO DA TE,USA,NOTORIOUS PICT. S.P.A.,,4934759,805816,,21/03/2019
2019,IL TRADITORE,ITA,01 DISTRIBUTION,,4815206,771270,,23/05/2019
2019,NON CI RESTA CHE IL CRIMINE,ITA,01 DISTRIBUTION,,4748216,725767,,10/01/2019
2019,LE RAGAZZE DI WALL STREET,USA,L. RED/UNIVERSAL,,4451024,659427,,07/11/2019
2019,CENA CON DELITTO - KNIVES OUT,USA,01 DISTRIBUTION,,4353919,656196,,05/12/2019
2019,LA BEFANA VIEN DI NOTTE,ITA,L. RED/UNIVERSAL,,4255926,655114,,27/12/2018
2020,TOLO TOLO,ITA,MEDUSA FILM S.P.A.,,46201300,6674622,,01/01/2020
2020,ME CONTRO TE IL FILM - LA VENDETTA DEL SIGNOR S,ITA,WARNER BROS ITALIA S.P.A.,,9580842,1548994,,17/01/2020
2020,ODIO L'ESTATE,ITA,MEDUSA FILM S.P.A.,,7516356,1160087,,30/01/2020
2020,TENET,GBR,WARNER BROS ITALIA S.P.A.,,6758862,958282,,26/08/2020
2020,1917,GBR,01 DISTRIBUTION,,6662347,1031183,,23/01/2020
2020,PICCOLE DONNE,USA,WARNER BROS ITALIA S.P.A.,,5979449,938261,,09/01/2020
2020,HAMMAMET,ITA,01 DISTRIBUTION,,5780618,901122,,09/01/2020
2020,GLI ANNI PIU' BELLI,ITA,01 DISTRIBUTION,,5652248,907640,,13/02/2020
2020,JUMANJI: THE NEXT LEVEL,USA,WARNER BROS ITALIA S.P.A.,,5173031,747020,,25/12/2019
2020,DOLITTLE,USA,UNIVERSAL S.R.L.,,4611391,733158,,30/01/2020
2020,AFTER 2,USA,01 DISTRIBUTION,,4157677,605201,,02/09/2020
2020,JOJO RABBIT,USA,WALT DISNEY S.M.P. ITALIA,,4089931,649839,,16/01/2020
2020,PINOCCHIO,ITA,01 DISTRIBUTION,,3944227,611171,,19/12/2019
2020,PARASITE,KOR,ACADEMY/LRED,,3854957,613304,,07/11/2019
2020,FIGLI,ITA,VISION/UNIVERSAL,,3292516,519456,,23/01/2020
2020,18 REGALI,ITA,VIS/UNI/LRED,,3133236,481319,,02/01/2020
2020,LA DEA FORTUNA,ITA,WARNER BROS ITALIA S.P.A.,,3059158,464655,,19/12/2019
2020,RICHARD JEWELL,USA,WARNER BROS ITALIA S.P.A.,,2618000,413340,,16/01/2020
2020,SONIC - IL FILM,USA,20TH CENTURY FOX ITALIA S.P.A.,,2461902,404921,,13/02/2020
2020,BIRDS OF PREY,USA,WARNER BROS ITALIA S.P.A.,,2408712,357932,,06/02/2020
2020,STAR WARS: L'ASCESA DI SKYWALKER,USA,WALT DISNEY S.M.P. ITALIA,,2035249,277657,,18/12/2019
2020,IL PRIMO NATALE,ITA,MEDUSA FILM S.P.A.,,1883594,291219,,12/12/2019
2020,SORRY WE MISSED YOU,GBR,LUCKY RED DISTRIB.,,1517269,243776,,02/01/2020
2020,GREENLAND,USA,L. RED/UNIVERSAL,,1486542,225973,,08/10/2020
2020,BAD BOYS FOR LIFE,USA,WARNER BROS ITALIA S.P.A.,,1445137,221629,,20/02/2020
2020,IL DIRITTO DI OPPORSI,USA,WARNER BROS ITALIA S.P.A.,,1288190,206505,,30/01/2020
2020,IL GIORNO SBAGLIATO,USA,01 DISTRIBUTION,,1267426,203130,,24/09/2020
2020,ONWARD - OLTRE LA MAGIA,USA,WALT DISNEY S.M.P. ITALIA,,1156275,190048,,19/08/2020
2020,IL RICHIAMO DELLA FORESTA,USA,WALT DISNEY S.M.P. ITALIA,,1133017,187053,,20/02/2020
2020,FABRIZIO DE ANDRÉ E PFM - IL CONCERTO RITROVATO,ITA,NEXO DIGITAL S.P.A.,,1087585,98243,,17/02/2020
2020,PADRENOSTRO,ITA,VISION/UNIVERSAL,,979146,160907,,24/09/2020
2020,FROZEN II - IL SEGRETO DI ARENDELLE,USA,WALT DISNEY S.M.P. ITALIA,,909958,143877,,27/11/2019
2020,CITY OF CRIME,USA,L. RED/UNIVERSAL,,896243,141727,,09/01/2020
2020,JUDY,USA,NOTORIOUS PICT. S.P.A.,,850608,140045,,30/01/2020
2020,VOLEVO NASCONDERMI,ITA,01 DISTRIBUTION,,822200,136662,,04/03/2020
2020,CENA CON DELITTO - KNIVES OUT,USA,01 DISTRIBUTION,,810615,130350,,05/12/2019
2020,LACCI,ITA,01 DISTRIBUTION,,794330,128142,,30/09/2020
2020,MI CHIAMO FRANCESCO TOTTI,ITA,VISION/UNIVERSAL,,658950,61820,,19/10/2020
2020,ENDLESS,USA,EAGLE PICTURES S.P.A.,,647518,100130,,23/09/2020
2020,THE NEW MUTANTS,USA,WALT DISNEY S.M.P. ITALIA,,615770,94445,,02/09/2020
2021,SPIDER-MAN: NO WAY HOME,USA,WARNER BROS ITALIA S.P.A.,,19379358,2576594,,15/12/2021
2021,ETERNALS,USA,WALT DISNEY S.M.P. ITALIA,,8400401,1156365,,03/11/2021
2021,NO TIME TO DIE,GBR,UNIVERSAL S.R.L.,,8018877,1103418,,30/09/2021
2021,DUNE,USA,WARNER BROS ITALIA S.P.A.,,7318362,1019390,,16/09/2021
2021,VENOM: LA FURIA DI CARNAGE,USA,WARNER BROS ITALIA S.P.A.,,7109002,989701,,14/10/2021
2021,ME CONTRO TE - IL MISTERO DELLA SCUOLA INCANTATA,ITA,WARNER BROS ITALIA S.P.A.,,5097100,805559,,18/08/2021
2021,FAST & FURIOUS 9,GBR,UNIVERSAL S.R.L.,,4864243,668510,,18/08/2021
2021,BLACK WIDOW,USA,WALT DISNEY S.M.P. ITALIA,,4772899,673857,,07/07/2021
2021,ENCANTO,USA,WALT DISNEY S.M.P. ITALIA,,4539098,685014,,24/11/2021
2021,SHANG-CHI E LA LEGGENDA DEI DIECI ANELLI,USA,WALT DISNEY S.M.P. ITALIA,,3822820,550871,,01/09/2021
2021,HOUSE OF GUCCI,GBR,EAGLE PICTURES S.P.A.,,3717607,509145,,16/12/2021
2021,COME UN GATTO IN TANGENZIALE - RITORNO A COCCIA DI,ITA,VISION/UNIVERSAL,,3199741,472493,,26/08/2021
2021,SPACE JAM - NEW LEGENDS,USA,WARNER BROS ITALIA S.P.A.,,3075691,452951,,23/09/2021
2021,LA FAMIGLIA ADDAMS 2,USA,EAGLE PICTURES S.P.A.,,2805311,428630,,28/10/2021
2021,FREAKS OUT,ITA,01 DISTRIBUTION,,2668768,392782,,28/10/2021
2021,GHOSTBUSTERS: LEGACY,USA,WARNER BROS ITALIA S.P.A.,,2464380,359525,,18/11/2021
2021,MADRES PARALELAS,ESP,WARNER BROS ITALIA S.P.A.,,2357198,362939,,28/10/2021
2021,CRUDELIA,USA,WALT DISNEY S.M.P. ITALIA,,2345851,357100,,26/05/2021
2021,THE CONJURING - PER ORDINE DEL DIAVOLO,USA,WARNER BROS ITALIA S.P.A.,,2114064,306005,,02/06/2021
2021,THE FRENCH DISPATCH,USA,WALT DISNEY S.M.P. ITALIA,,2101490,309173,,11/11/2021
2021,DIABOLIK,ITA,01 DISTRIBUTION,,2023260,297297,,16/12/2021
2021,TRE PIANI,ITA,01 DISTRIBUTION,,2005274,314693,,23/09/2021
2021,THE SUICIDE SQUAD - MISSIONE SUICIDA,USA,WARNER BROS ITALIA S.P.A.,,1977204,281911,,05/08/2021
2021,HARRY POTTER E LA PIETRA FILOSOFALE - 20° ANNIVERSARIO,GBR,WARNER BROS ITALIA S.P.A.,,1873183,241124,,08/12/2021
2021,CHI HA INCASTRATO BABBO NATALE?,ITA,VISION/UNIVERSAL,,1850419,268242,,16/12/2021
2021,I CROODS 2 - UNA NUOVA ERA,USA,UNIVERSAL S.R.L.,,1801745,282059,,14/07/2021
2021,HALLOWEEN KILLS,USA,UNIVERSAL S.R.L.,,1733209,239343,,21/10/2021
2021,NOMADLAND,USA,WALT DISNEY S.M.P. ITALIA,,1706323,272254,,29/04/2021
2021,IO SONO BABBO NATALE,ITA,LUCKY RED DISTRIB.,,1677643,257391,,03/11/2021
2021,JUNGLE CRUISE,USA,WALT DISNEY S.M.P. ITALIA,,1644420,246935,,28/07/2021
2021,ZLATAN,SWE,L. RED/UNIVERSAL,,1638230,233137,,11/11/2021
2021,LA SCUOLA CATTOLICA,ITA,WARNER BROS ITALIA S.P.A.,,1592459,236860,,07/10/2021
2021,QUI RIDO IO,ITA,01 DISTRIBUTION,,1534026,241367,,09/09/2021
2021,OLD,USA,UNIVERSAL S.R.L.,,1506620,220669,,21/07/2021
2021,BABY BOSS 2: AFFARI DI FAMIGLIA,USA,UNIVERSAL S.R.L.,,1354773,208779,,07/10/2021
2021,SING 2 - SEMPRE PIU' FORTE,USA,"UNIVERSAL S.R.L.""",,1296716,192505,,23/12/2021
2021,THE FATHER - NULLA E' COME SEMBRA,GBR,BIM DISTRIB. S.R.L.,,1273415,213781,,27/05/2021
2021,RON - UN AMICO FUORI PROGRAMMA,USA,WALT DISNEY S.M.P. ITALIA,,939001,146580,,21/10/2021
2021,PER TUTTA LA VITA,ITA,"01 DISTRIBUTION""",,927267,141139,,11/11/2021
2021,THE LAST DUEL,USA,WALT DISNEY S.M.P. ITALIA,,917394,140256,,14/10/2021
